{"stats":{"minecraft:dropped":{"minecraft:wheat":3,"minecraft:oak_planks":3,"minecraft:dirt":3,"minecraft:wooden_pickaxe":1},"minecraft:picked_up":{"minecraft:crafting_table":3,"minecraft:wheat":3,"minecraft:smithing_table":1,"paraglider:spirit_orb":2,"minecraft:oak_log":22,"minecraft:dirt":27,"minecraft:wheat_seeds":4,"minecraft:gold_nugget":202,"dynamictrees:oak_seed":1,"minecraft:oak_planks":3,"minecraft:egg":1,"minecraft:stick":4,"minecraft:raw_iron":2,"vampirism:vampire_fang":1,"minecraft:white_bed":1,"evilcraft:dark_gem":16,"minecraft:hay_block":30,"minecraft:coal":20,"minecraft:cobblestone":76,"iceandfire:raw_silver":11},"minecraft:mined":{"minecraft:smithing_table":1,"minecraft:white_bed":1,"iceandfire:silver_ore":11,"minecraft:crafting_table":3,"minecraft:grass_block":8,"minecraft:spawner":1,"minecraft:hay_block":30,"minecraft:iron_ore":2,"minecraft:fire":10,"minecraft:wheat":1,"evilcraft:dark_ore":4,"minecraft:grass":5,"minecraft:oak_log":11,"minecraft:coal_ore":20,"iceandfire:gold_pile":29,"minecraft:dirt_path":1,"minecraft:dirt":1,"minecraft:stone":76},"minecraft:crafted":{"iceandfire:silver_axe":1,"minecraft:oak_planks":88,"iceandfire:silver_ingot":10,"minecraft:crafting_table":1,"minecraft:wooden_pickaxe":1,"minecraft:furnace":1,"minecraft:stone_axe":1,"minecraft:bread":90,"minecraft:air":0,"minecraft:stick":36,"minecraft:stone_pickaxe":1,"minecraft:chest":1,"iceandfire:silver_pickaxe":1,"minecraft:stone_hoe":1,"iceandfire:silver_sword":1,"minecraft:wheat":270},"minecraft:killed_by":{"iceandfire:fire_dragon":4},"minecraft:custom":{"minecraft:interact_with_furnace":15,"minecraft:mob_kills":3,"minecraft:interact_with_crafting_table":16,"minecraft:leave_game":1,"minecraft:time_since_death":4780,"minecraft:sleep_in_bed":3,"minecraft:time_since_rest":1780,"minecraft:sprint_one_cm":65796,"minecraft:damage_taken":1525,"minecraft:walk_one_cm":54554,"minecraft:drop":10,"minecraft:damage_dealt":835,"minecraft:swim_one_cm":7181,"minecraft:fly_one_cm":63525,"minecraft:open_chest":11,"minecraft:crouch_one_cm":1136,"minecraft:play_time":38494,"tombstone:undead_killed":2,"minecraft:deaths":4,"minecraft:sneak_time":989,"minecraft:walk_under_water_one_cm":1230,"minecraft:jump":486,"minecraft:walk_on_water_one_cm":1952,"minecraft:total_world_time":38494,"minecraft:fall_one_cm":14000},"minecraft:used":{"minecraft:wheat_seeds":1,"iceandfire:silver_sword":15,"minecraft:stone_pickaxe":21,"minecraft:chest":1,"minecraft:wooden_pickaxe":9,"dynamictrees:oak_seed":1,"minecraft:stone_hoe":19,"minecraft:dirt":24,"minecraft:crafting_table":4,"minecraft:white_bed":1,"iceandfire:silver_axe":2,"iceandfire:silver_pickaxe":114,"minecraft:apple":2,"minecraft:bread":9,"minecraft:stone_axe":22,"minecraft:cobblestone":24,"minecraft:furnace":1,"tombstone:gift":4,"minecraft:egg":1},"minecraft:killed":{"vampirism:vampire":1,"mca:male_zombie_villager":1,"minecraft:zombie":1}},"DataVersion":3465}