{"stats":{"minecraft:dropped":{"minecraft:wooden_pickaxe":1},"minecraft:picked_up":{"minecraft:crafting_table":3,"minecraft:smithing_table":1,"paraglider:spirit_orb":2,"minecraft:oak_log":11,"vampirism:vampire_fang":1,"minecraft:white_bed":1,"minecraft:dirt":21,"minecraft:hay_block":30,"minecraft:coal":20,"iceandfire:raw_silver":9,"minecraft:cobblestone":42,"minecraft:egg":1},"minecraft:crafted":{"minecraft:oak_planks":44,"iceandfire:silver_ingot":4,"minecraft:crafting_table":1,"minecraft:stick":36,"minecraft:wooden_pickaxe":1,"minecraft:stone_pickaxe":1,"minecraft:furnace":1,"iceandfire:silver_pickaxe":1,"minecraft:stone_hoe":1,"minecraft:stone_axe":1,"minecraft:air":0,"minecraft:bread":90,"minecraft:wheat":270},"minecraft:mined":{"minecraft:smithing_table":1,"minecraft:hay_block":30,"minecraft:white_bed":1,"iceandfire:silver_ore":9,"minecraft:crafting_table":3,"minecraft:grass":3,"minecraft:coal_ore":20,"minecraft:grass_block":5,"minecraft:oak_log":11,"minecraft:dirt_path":1,"minecraft:dirt":1,"minecraft:stone":42,"minecraft:spawner":1},"minecraft:used":{"iceandfire:silver_pickaxe":42,"minecraft:apple":1,"minecraft:bread":4,"minecraft:stone_pickaxe":21,"minecraft:wooden_pickaxe":9,"minecraft:stone_hoe":19,"minecraft:stone_axe":22,"minecraft:dirt":21,"minecraft:cobblestone":24,"minecraft:crafting_table":4,"minecraft:furnace":1,"minecraft:white_bed":1,"minecraft:egg":1},"minecraft:custom":{"minecraft:time_since_rest":4474,"minecraft:interact_with_furnace":4,"minecraft:sprint_one_cm":39524,"minecraft:damage_taken":325,"minecraft:walk_one_cm":32055,"minecraft:mob_kills":3,"minecraft:drop":1,"minecraft:damage_dealt":734,"minecraft:interact_with_crafting_table":11,"minecraft:fly_one_cm":30613,"minecraft:open_chest":3,"minecraft:crouch_one_cm":675,"minecraft:play_time":26494,"tombstone:undead_killed":2,"minecraft:sneak_time":391,"minecraft:jump":251,"minecraft:leave_game":1,"minecraft:time_since_death":26494,"minecraft:sleep_in_bed":2,"minecraft:total_world_time":26494,"minecraft:fall_one_cm":5995},"minecraft:killed":{"vampirism:vampire":1,"minecraft:zombie":1,"mca:male_zombie_villager":1}},"DataVersion":3465}