{"stats":{"minecraft:dropped":{"minecraft:wheat":5,"minecraft:composter":1,"minecraft:oak_planks":3,"vampirism:blood_bottle":1,"minecraft:carrot":8,"minecraft:dirt":3,"minecraft:potato":5,"minecraft:wooden_pickaxe":1},"minecraft:custom":{"minecraft:interact_with_furnace":15,"minecraft:mob_kills":3,"minecraft:interact_with_crafting_table":16,"minecraft:leave_game":4,"minecraft:time_since_death":1238,"minecraft:sleep_in_bed":4,"minecraft:time_since_rest":1,"minecraft:sprint_one_cm":88168,"minecraft:damage_taken":2266,"minecraft:walk_one_cm":61946,"minecraft:drop":16,"minecraft:damage_dealt":835,"minecraft:swim_one_cm":9398,"minecraft:fly_one_cm":97213,"minecraft:open_chest":19,"minecraft:play_time":48111,"minecraft:crouch_one_cm":1243,"tombstone:undead_killed":2,"minecraft:deaths":7,"minecraft:sneak_time":1186,"minecraft:walk_under_water_one_cm":1683,"minecraft:jump":682,"minecraft:walk_on_water_one_cm":3582,"minecraft:total_world_time":48111,"minecraft:fall_one_cm":17349},"minecraft:killed_by":{"iceandfire:fire_dragon":6},"minecraft:mined":{"minecraft:smithing_table":1,"minecraft:white_bed":3,"iceandfire:silver_ore":11,"minecraft:crafting_table":4,"minecraft:grass_block":8,"minecraft:composter":1,"minecraft:spawner":1,"minecraft:hay_block":30,"minecraft:furnace":1,"minecraft:carrots":2,"minecraft:iron_ore":2,"minecraft:wheat":6,"minecraft:fire":14,"iceandfire:ash":2,"evilcraft:dark_ore":4,"minecraft:grass":6,"minecraft:oak_log":11,"minecraft:potatoes":2,"minecraft:coal_ore":20,"iceandfire:gold_pile":43,"minecraft:dirt_path":1,"minecraft:dirt":2,"minecraft:cobweb":4,"minecraft:stone":76},"minecraft:picked_up":{"minecraft:crafting_table":4,"minecraft:wheat":5,"minecraft:smithing_table":1,"minecraft:potato":5,"paraglider:spirit_orb":2,"minecraft:oak_log":22,"minecraft:dirt":27,"minecraft:string":2,"minecraft:wheat_seeds":10,"minecraft:gold_nugget":412,"dynamictrees:oak_seed":1,"minecraft:oak_planks":3,"minecraft:egg":1,"minecraft:furnace":1,"minecraft:stick":4,"minecraft:raw_iron":2,"minecraft:composter":1,"iceandfire:ash":2,"minecraft:carrot":8,"vampirism:vampire_fang":1,"minecraft:white_bed":3,"iceandfire:silver_ingot":1,"minecraft:hay_block":30,"evilcraft:dark_gem":16,"minecraft:coal":37,"minecraft:cobblestone":76,"iceandfire:raw_silver":11},"minecraft:used":{"minecraft:wheat_seeds":1,"iceandfire:silver_sword":32,"minecraft:stone_pickaxe":21,"minecraft:chest":1,"minecraft:wooden_pickaxe":9,"dynamictrees:oak_seed":1,"minecraft:stone_hoe":19,"minecraft:dirt":24,"minecraft:crafting_table":4,"minecraft:white_bed":2,"iceandfire:silver_axe":7,"iceandfire:silver_pickaxe":130,"minecraft:apple":2,"minecraft:bread":9,"iceandfire:ash":2,"minecraft:stone_axe":22,"minecraft:cobblestone":24,"minecraft:furnace":1,"tombstone:gift":4,"minecraft:egg":1,"minecraft:cobweb":1},"minecraft:killed":{"vampirism:vampire":1,"mca:male_zombie_villager":1,"minecraft:zombie":1},"minecraft:crafted":{"iceandfire:silver_axe":1,"minecraft:oak_planks":88,"iceandfire:silver_ingot":10,"minecraft:crafting_table":1,"minecraft:wooden_pickaxe":1,"minecraft:furnace":1,"minecraft:stone_axe":1,"minecraft:bread":90,"minecraft:air":0,"minecraft:stick":36,"minecraft:stone_pickaxe":1,"minecraft:chest":1,"iceandfire:silver_pickaxe":1,"minecraft:stone_hoe":1,"iceandfire:silver_sword":1,"minecraft:wheat":270}},"DataVersion":3465}