{"stats":{"minecraft:picked_up":{"minecraft:hay_block":12,"minecraft:white_bed":1,"minecraft:dirt":21,"minecraft:egg":1},"minecraft:crafted":{"minecraft:wheat":108},"minecraft:mined":{"minecraft:hay_block":12,"minecraft:grass":2,"minecraft:grass_block":5,"minecraft:dirt_path":1,"minecraft:white_bed":1,"minecraft:dirt":1},"minecraft:used":{"minecraft:dirt":21,"minecraft:bread":1,"minecraft:egg":1},"minecraft:custom":{"minecraft:open_chest":1,"minecraft:time_since_rest":5035,"minecraft:crouch_one_cm":159,"minecraft:sprint_one_cm":14001,"minecraft:play_time":14494,"minecraft:damage_taken":90,"tombstone:undead_killed":1,"minecraft:walk_one_cm":8616,"minecraft:sneak_time":87,"minecraft:mob_kills":1,"minecraft:jump":112,"minecraft:damage_dealt":204,"minecraft:leave_game":1,"minecraft:time_since_death":14494,"minecraft:sleep_in_bed":1,"minecraft:total_world_time":14494,"minecraft:fall_one_cm":3282,"minecraft:fly_one_cm":12107},"minecraft:killed":{"mca:male_zombie_villager":1}},"DataVersion":3465}